,AGE,SYSBP,DIABP,CIGPDAY,TOTCHOL,HDLC,LDLC,BMI
count,11627.0,11627.0,11627.0,11548.0,11218.0,3027.0,3026.0,11575.0
mean,54.792809839167454,136.32411628106993,83.0377569450417,8.250346380325597,241.16241754323408,49.364717542120914,176.46695307336418,25.87734859611231
std,9.564299222631911,22.798624822706653,11.660144287037069,12.186888168571263,45.36803044277146,15.626668866154585,46.86339280531838,4.10263995061768
min,32.0,83.5,30.0,0.0,107.0,10.0,20.0,14.43
25%,48.0,120.0,75.0,0.0,210.0,39.0,145.0,23.095
50%,54.0,132.0,82.0,0.0,238.0,48.0,173.0,25.48
75%,62.0,149.0,90.0,20.0,268.0,58.0,205.0,28.07
max,81.0,295.0,150.0,90.0,696.0,189.0,565.0,56.8
