RISK,0,1,All
0.0,0.18060646451182938,0.018327224258580473,0.19893368877040987
1.0,0.7340886371209597,0.06697767410863045,0.8010663112295902
All,0.9146951016327891,0.08530489836721093,1.0
