STROKE,0,1,All
0,0.2409196934355215,0.6737754081972676,0.9146951016327891
1,0.006997667444185272,0.07830723092302566,0.08530489836721093
All,0.24791736087970676,0.7520826391202933,1.0
