,AGE,SYSBP,DIABP,CIGPDAY,TOTCHOL,HDLC,LDLC,BMI
count,3001.0,3001.0,3001.0,3001.0,3001.0,3001.0,3001.0,3001.0
mean,60.568143952015994,139.86821059646783,81.70426524491836,6.717427524158614,236.74241919360213,49.41286237920693,176.53648783738754,25.866324558480507
std,8.292894841606131,22.582401904218123,11.237285932775539,11.534157656579383,44.52169467438189,15.656835179479522,46.91590439137459,4.0146285241136175
min,44.0,86.0,30.0,0.0,112.0,10.0,20.0,14.43
25%,53.0,123.0,74.0,0.0,206.0,39.0,145.0,23.23
50%,60.0,137.0,80.0,0.0,234.0,48.0,173.0,25.46
75%,67.0,154.0,89.0,10.0,264.0,58.0,205.0,27.99
max,81.0,254.0,130.0,80.0,625.0,189.0,565.0,56.8
